sample_ind,sample
119,SpacePoint(objects=StructPoint(object0=StructPoint(angularSpeed=0.0, controller=None, elevation=None, heading=0.025676406919085824, lastActions=None, length=1.0, position=(-63.979662839574345, -105.78731635950915), positionOffset=(0.0, 0.0), resetController=True, rotationOffset=0.0, speed=0.0, type='Follower', velocity=(0.0, 0.0), webotsName='FOLLOWER', webotsObject=None, webotsType=None, width=1.0), object1=StructPoint(angularSpeed=0.0, controller=None, elevation=None, heading=0.0, ind='1', lastActions=None, length=1.0, mode='falsify', position=(0, 0), positionOffset=(0.0, 0.0), resetController=True, rotationOffset=0.0, speed=0.0, type='Subscenario', velocity=(0.0, 0.0), webotsName='SUBSCENARIO', webotsObject=None, webotsType=None, width=1.0), object2=StructPoint(angularSpeed=0.0, controller=None, elevation=None, heading=-0.07965162543594773, lastActions=None, length=1.0, position=(-53.167945824186255, -104.46468775362328), positionOffset=(0.0, 0.0), resetController=True, rotationOffset=0.0, speed=0.0, type='Lead', velocity=(0.0, 0.0), webotsName='LEAD', webotsObject=None, webotsType=None, width=1.0)), params=StructPoint())
120,SpacePoint(objects=StructPoint(object0=StructPoint(angularSpeed=0.0, controller=None, elevation=None, heading=0.046722589071460326, lastActions=None, length=1.0, position=(-64.56761013320224, -104.61741995208801), positionOffset=(0.0, 0.0), resetController=True, rotationOffset=0.0, speed=0.0, type='Follower', velocity=(0.0, 0.0), webotsName='FOLLOWER', webotsObject=None, webotsType=None, width=1.0), object1=StructPoint(angularSpeed=0.0, controller=None, elevation=None, heading=0.0, ind='1', lastActions=None, length=1.0, mode='falsify', position=(0, 0), positionOffset=(0.0, 0.0), resetController=True, rotationOffset=0.0, speed=0.0, type='Subscenario', velocity=(0.0, 0.0), webotsName='SUBSCENARIO', webotsObject=None, webotsType=None, width=1.0), object2=StructPoint(angularSpeed=0.0, controller=None, elevation=None, heading=-0.02895950560361006, lastActions=None, length=1.0, position=(-53.83089837601136, -105.17003836807274), positionOffset=(0.0, 0.0), resetController=True, rotationOffset=0.0, speed=0.0, type='Lead', velocity=(0.0, 0.0), webotsName='LEAD', webotsObject=None, webotsType=None, width=1.0)), params=StructPoint())
121,SpacePoint(objects=StructPoint(object0=StructPoint(angularSpeed=0.0, controller=None, elevation=None, heading=-0.036563120396831995, lastActions=None, length=1.0, position=(-65.8880229195578, -105.25586849701227), positionOffset=(0.0, 0.0), resetController=True, rotationOffset=0.0, speed=0.0, type='Follower', velocity=(0.0, 0.0), webotsName='FOLLOWER', webotsObject=None, webotsType=None, width=1.0), object1=StructPoint(angularSpeed=0.0, controller=None, elevation=None, heading=0.0, ind='1', lastActions=None, length=1.0, mode='falsify', position=(0, 0), positionOffset=(0.0, 0.0), resetController=True, rotationOffset=0.0, speed=0.0, type='Subscenario', velocity=(0.0, 0.0), webotsName='SUBSCENARIO', webotsObject=None, webotsType=None, width=1.0), object2=StructPoint(angularSpeed=0.0, controller=None, elevation=None, heading=0.0648084502661092, lastActions=None, length=1.0, position=(-52.72932967770482, -105.92505821745061), positionOffset=(0.0, 0.0), resetController=True, rotationOffset=0.0, speed=0.0, type='Lead', velocity=(0.0, 0.0), webotsName='LEAD', webotsObject=None, webotsType=None, width=1.0)), params=StructPoint())
122,SpacePoint(objects=StructPoint(object0=StructPoint(angularSpeed=0.0, controller=None, elevation=None, heading=0.06506568143438446, lastActions=None, length=1.0, position=(-63.69104061707452, -104.25014889220762), positionOffset=(0.0, 0.0), resetController=True, rotationOffset=0.0, speed=0.0, type='Follower', velocity=(0.0, 0.0), webotsName='FOLLOWER', webotsObject=None, webotsType=None, width=1.0), object1=StructPoint(angularSpeed=0.0, controller=None, elevation=None, heading=0.0, ind='1', lastActions=None, length=1.0, mode='falsify', position=(0, 0), positionOffset=(0.0, 0.0), resetController=True, rotationOffset=0.0, speed=0.0, type='Subscenario', velocity=(0.0, 0.0), webotsName='SUBSCENARIO', webotsObject=None, webotsType=None, width=1.0), object2=StructPoint(angularSpeed=0.0, controller=None, elevation=None, heading=0.04226670637037713, lastActions=None, length=1.0, position=(-54.700903771916906, -105.49322899675713), positionOffset=(0.0, 0.0), resetController=True, rotationOffset=0.0, speed=0.0, type='Lead', velocity=(0.0, 0.0), webotsName='LEAD', webotsObject=None, webotsType=None, width=1.0)), params=StructPoint())
123,SpacePoint(objects=StructPoint(object0=StructPoint(angularSpeed=0.0, controller=None, elevation=None, heading=0.010691895327180947, lastActions=None, length=1.0, position=(-66.2547309973922, -104.46978278897419), positionOffset=(0.0, 0.0), resetController=True, rotationOffset=0.0, speed=0.0, type='Follower', velocity=(0.0, 0.0), webotsName='FOLLOWER', webotsObject=None, webotsType=None, width=1.0), object1=StructPoint(angularSpeed=0.0, controller=None, elevation=None, heading=0.0, ind='1', lastActions=None, length=1.0, mode='falsify', position=(0, 0), positionOffset=(0.0, 0.0), resetController=True, rotationOffset=0.0, speed=0.0, type='Subscenario', velocity=(0.0, 0.0), webotsName='SUBSCENARIO', webotsObject=None, webotsType=None, width=1.0), object2=StructPoint(angularSpeed=0.0, controller=None, elevation=None, heading=-0.00757672720129412, lastActions=None, length=1.0, position=(-53.8947777273956, -104.43961545300252), positionOffset=(0.0, 0.0), resetController=True, rotationOffset=0.0, speed=0.0, type='Lead', velocity=(0.0, 0.0), webotsName='LEAD', webotsObject=None, webotsType=None, width=1.0)), params=StructPoint())
