sample_ind,sample
206,SpacePoint(objects=StructPoint(object0=StructPoint(angularSpeed=0.0, controller=None, elevation=None, heading=0.06375253884284714, lastActions=None, length=1.0, position=(-63.41096209557611, -105.34976857795733), positionOffset=(0.0, 0.0), resetController=True, rotationOffset=0.0, speed=0.0, type='Follower', velocity=(0.0, 0.0), webotsName='FOLLOWER', webotsObject=None, webotsType=None, width=1.0), object1=StructPoint(angularSpeed=0.0, controller=None, elevation=None, heading=0.0, ind='1', lastActions=None, length=1.0, mode='falsify', position=(0, 0), positionOffset=(0.0, 0.0), resetController=True, rotationOffset=0.0, speed=0.0, type='Subscenario', velocity=(0.0, 0.0), webotsName='SUBSCENARIO', webotsObject=None, webotsType=None, width=1.0), object2=StructPoint(angularSpeed=0.0, controller=None, elevation=None, heading=0.04514999217680542, lastActions=None, length=1.0, position=(-52.62543380072665, -105.48128899077976), positionOffset=(0.0, 0.0), resetController=True, rotationOffset=0.0, speed=0.0, type='Lead', velocity=(0.0, 0.0), webotsName='LEAD', webotsObject=None, webotsType=None, width=1.0)), params=StructPoint())
207,SpacePoint(objects=StructPoint(object0=StructPoint(angularSpeed=0.0, controller=None, elevation=None, heading=-0.060204093840598674, lastActions=None, length=1.0, position=(-64.60845229667369, -104.36883457075014), positionOffset=(0.0, 0.0), resetController=True, rotationOffset=0.0, speed=0.0, type='Follower', velocity=(0.0, 0.0), webotsName='FOLLOWER', webotsObject=None, webotsType=None, width=1.0), object1=StructPoint(angularSpeed=0.0, controller=None, elevation=None, heading=0.0, ind='1', lastActions=None, length=1.0, mode='falsify', position=(0, 0), positionOffset=(0.0, 0.0), resetController=True, rotationOffset=0.0, speed=0.0, type='Subscenario', velocity=(0.0, 0.0), webotsName='SUBSCENARIO', webotsObject=None, webotsType=None, width=1.0), object2=StructPoint(angularSpeed=0.0, controller=None, elevation=None, heading=-0.03658307339582313, lastActions=None, length=1.0, position=(-54.56142702350598, -104.09723912678221), positionOffset=(0.0, 0.0), resetController=True, rotationOffset=0.0, speed=0.0, type='Lead', velocity=(0.0, 0.0), webotsName='LEAD', webotsObject=None, webotsType=None, width=1.0)), params=StructPoint())
208,SpacePoint(objects=StructPoint(object0=StructPoint(angularSpeed=0.0, controller=None, elevation=None, heading=0.0020749243153379425, lastActions=None, length=1.0, position=(-64.0708626568803, -104.428675135383), positionOffset=(0.0, 0.0), resetController=True, rotationOffset=0.0, speed=0.0, type='Follower', velocity=(0.0, 0.0), webotsName='FOLLOWER', webotsObject=None, webotsType=None, width=1.0), object1=StructPoint(angularSpeed=0.0, controller=None, elevation=None, heading=0.0, ind='1', lastActions=None, length=1.0, mode='falsify', position=(0, 0), positionOffset=(0.0, 0.0), resetController=True, rotationOffset=0.0, speed=0.0, type='Subscenario', velocity=(0.0, 0.0), webotsName='SUBSCENARIO', webotsObject=None, webotsType=None, width=1.0), object2=StructPoint(angularSpeed=0.0, controller=None, elevation=None, heading=0.029934074975594503, lastActions=None, length=1.0, position=(-52.81080782982956, -104.33936474562736), positionOffset=(0.0, 0.0), resetController=True, rotationOffset=0.0, speed=0.0, type='Lead', velocity=(0.0, 0.0), webotsName='LEAD', webotsObject=None, webotsType=None, width=1.0)), params=StructPoint())
209,SpacePoint(objects=StructPoint(object0=StructPoint(angularSpeed=0.0, controller=None, elevation=None, heading=0.02008865305186474, lastActions=None, length=1.0, position=(-63.605842433899085, -105.82045922244686), positionOffset=(0.0, 0.0), resetController=True, rotationOffset=0.0, speed=0.0, type='Follower', velocity=(0.0, 0.0), webotsName='FOLLOWER', webotsObject=None, webotsType=None, width=1.0), object1=StructPoint(angularSpeed=0.0, controller=None, elevation=None, heading=0.0, ind='1', lastActions=None, length=1.0, mode='falsify', position=(0, 0), positionOffset=(0.0, 0.0), resetController=True, rotationOffset=0.0, speed=0.0, type='Subscenario', velocity=(0.0, 0.0), webotsName='SUBSCENARIO', webotsObject=None, webotsType=None, width=1.0), object2=StructPoint(angularSpeed=0.0, controller=None, elevation=None, heading=0.06799893602459481, lastActions=None, length=1.0, position=(-55.1953843449484, -104.63673985237882), positionOffset=(0.0, 0.0), resetController=True, rotationOffset=0.0, speed=0.0, type='Lead', velocity=(0.0, 0.0), webotsName='LEAD', webotsObject=None, webotsType=None, width=1.0)), params=StructPoint())
210,SpacePoint(objects=StructPoint(object0=StructPoint(angularSpeed=0.0, controller=None, elevation=None, heading=0.023060881132967094, lastActions=None, length=1.0, position=(-64.11140026938507, -105.5723408773904), positionOffset=(0.0, 0.0), resetController=True, rotationOffset=0.0, speed=0.0, type='Follower', velocity=(0.0, 0.0), webotsName='FOLLOWER', webotsObject=None, webotsType=None, width=1.0), object1=StructPoint(angularSpeed=0.0, controller=None, elevation=None, heading=0.0, ind='1', lastActions=None, length=1.0, mode='falsify', position=(0, 0), positionOffset=(0.0, 0.0), resetController=True, rotationOffset=0.0, speed=0.0, type='Subscenario', velocity=(0.0, 0.0), webotsName='SUBSCENARIO', webotsObject=None, webotsType=None, width=1.0), object2=StructPoint(angularSpeed=0.0, controller=None, elevation=None, heading=0.06565288801386876, lastActions=None, length=1.0, position=(-53.527375378049214, -104.25556351045763), positionOffset=(0.0, 0.0), resetController=True, rotationOffset=0.0, speed=0.0, type='Lead', velocity=(0.0, 0.0), webotsName='LEAD', webotsObject=None, webotsType=None, width=1.0)), params=StructPoint())
