sample_ind,sample
1,SpacePoint(objects=StructPoint(object0=StructPoint(angularSpeed=0.0, controller=None, elevation=None, heading=0.073005264095893, lastActions=None, length=1.0, position=(-64.0592667263997, -104.57692803678486), positionOffset=(0.0, 0.0), resetController=True, rotationOffset=0.0, speed=0.0, type='Follower', velocity=(0.0, 0.0), webotsName='FOLLOWER', webotsObject=None, webotsType=None, width=1.0), object1=StructPoint(angularSpeed=0.0, controller=None, elevation=None, heading=0.0, ind='1', lastActions=None, length=1.0, mode='falsify', position=(0, 0), positionOffset=(0.0, 0.0), resetController=True, rotationOffset=0.0, speed=0.0, type='Subscenario', velocity=(0.0, 0.0), webotsName='SUBSCENARIO', webotsObject=None, webotsType=None, width=1.0), object2=StructPoint(angularSpeed=0.0, controller=None, elevation=None, heading=-0.03196872533576838, lastActions=None, length=1.0, position=(-56.16134617918845, -104.64539881264926), positionOffset=(0.0, 0.0), resetController=True, rotationOffset=0.0, speed=0.0, type='Lead', velocity=(0.0, 0.0), webotsName='LEAD', webotsObject=None, webotsType=None, width=1.0)), params=StructPoint())
2,SpacePoint(objects=StructPoint(object0=StructPoint(angularSpeed=0.0, controller=None, elevation=None, heading=-0.0653618972065621, lastActions=None, length=1.0, position=(-62.839465001519976, -105.53450635267818), positionOffset=(0.0, 0.0), resetController=True, rotationOffset=0.0, speed=0.0, type='Follower', velocity=(0.0, 0.0), webotsName='FOLLOWER', webotsObject=None, webotsType=None, width=1.0), object1=StructPoint(angularSpeed=0.0, controller=None, elevation=None, heading=0.0, ind='1', lastActions=None, length=1.0, mode='falsify', position=(0, 0), positionOffset=(0.0, 0.0), resetController=True, rotationOffset=0.0, speed=0.0, type='Subscenario', velocity=(0.0, 0.0), webotsName='SUBSCENARIO', webotsObject=None, webotsType=None, width=1.0), object2=StructPoint(angularSpeed=0.0, controller=None, elevation=None, heading=0.08523876953855128, lastActions=None, length=1.0, position=(-55.88394175849879, -105.48410484821453), positionOffset=(0.0, 0.0), resetController=True, rotationOffset=0.0, speed=0.0, type='Lead', velocity=(0.0, 0.0), webotsName='LEAD', webotsObject=None, webotsType=None, width=1.0)), params=StructPoint())
3,SpacePoint(objects=StructPoint(object0=StructPoint(angularSpeed=0.0, controller=None, elevation=None, heading=-0.05366722829778844, lastActions=None, length=1.0, position=(-64.13428430212475, -105.71854756032538), positionOffset=(0.0, 0.0), resetController=True, rotationOffset=0.0, speed=0.0, type='Follower', velocity=(0.0, 0.0), webotsName='FOLLOWER', webotsObject=None, webotsType=None, width=1.0), object1=StructPoint(angularSpeed=0.0, controller=None, elevation=None, heading=0.0, ind='1', lastActions=None, length=1.0, mode='falsify', position=(0, 0), positionOffset=(0.0, 0.0), resetController=True, rotationOffset=0.0, speed=0.0, type='Subscenario', velocity=(0.0, 0.0), webotsName='SUBSCENARIO', webotsObject=None, webotsType=None, width=1.0), object2=StructPoint(angularSpeed=0.0, controller=None, elevation=None, heading=-0.04770441685362167, lastActions=None, length=1.0, position=(-53.25688088495445, -104.17892808392595), positionOffset=(0.0, 0.0), resetController=True, rotationOffset=0.0, speed=0.0, type='Lead', velocity=(0.0, 0.0), webotsName='LEAD', webotsObject=None, webotsType=None, width=1.0)), params=StructPoint())
4,SpacePoint(objects=StructPoint(object0=StructPoint(angularSpeed=0.0, controller=None, elevation=None, heading=0.0802962312769132, lastActions=None, length=1.0, position=(-62.81954996512874, -104.1500958355861), positionOffset=(0.0, 0.0), resetController=True, rotationOffset=0.0, speed=0.0, type='Follower', velocity=(0.0, 0.0), webotsName='FOLLOWER', webotsObject=None, webotsType=None, width=1.0), object1=StructPoint(angularSpeed=0.0, controller=None, elevation=None, heading=0.0, ind='1', lastActions=None, length=1.0, mode='falsify', position=(0, 0), positionOffset=(0.0, 0.0), resetController=True, rotationOffset=0.0, speed=0.0, type='Subscenario', velocity=(0.0, 0.0), webotsName='SUBSCENARIO', webotsObject=None, webotsType=None, width=1.0), object2=StructPoint(angularSpeed=0.0, controller=None, elevation=None, heading=-0.014297350932053369, lastActions=None, length=1.0, position=(-55.910304386505935, -104.14940834188167), positionOffset=(0.0, 0.0), resetController=True, rotationOffset=0.0, speed=0.0, type='Lead', velocity=(0.0, 0.0), webotsName='LEAD', webotsObject=None, webotsType=None, width=1.0)), params=StructPoint())
5,SpacePoint(objects=StructPoint(object0=StructPoint(angularSpeed=0.0, controller=None, elevation=None, heading=0.03258042976947695, lastActions=None, length=1.0, position=(-65.45837532582897, -104.85664364409807), positionOffset=(0.0, 0.0), resetController=True, rotationOffset=0.0, speed=0.0, type='Follower', velocity=(0.0, 0.0), webotsName='FOLLOWER', webotsObject=None, webotsType=None, width=1.0), object1=StructPoint(angularSpeed=0.0, controller=None, elevation=None, heading=0.0, ind='1', lastActions=None, length=1.0, mode='falsify', position=(0, 0), positionOffset=(0.0, 0.0), resetController=True, rotationOffset=0.0, speed=0.0, type='Subscenario', velocity=(0.0, 0.0), webotsName='SUBSCENARIO', webotsObject=None, webotsType=None, width=1.0), object2=StructPoint(angularSpeed=0.0, controller=None, elevation=None, heading=0.07934517554888046, lastActions=None, length=1.0, position=(-54.873803207370706, -105.66376420352331), positionOffset=(0.0, 0.0), resetController=True, rotationOffset=0.0, speed=0.0, type='Lead', velocity=(0.0, 0.0), webotsName='LEAD', webotsObject=None, webotsType=None, width=1.0)), params=StructPoint())
