sample_ind,sample
173,SpacePoint(objects=StructPoint(object0=StructPoint(angularSpeed=0.0, controller=None, elevation=None, heading=-0.015153417230610438, lastActions=None, length=1.0, position=(-66.16909003987288, -105.49018389574968), positionOffset=(0.0, 0.0), resetController=True, rotationOffset=0.0, speed=0.0, type='Follower', velocity=(0.0, 0.0), webotsName='FOLLOWER', webotsObject=None, webotsType=None, width=1.0), object1=StructPoint(angularSpeed=0.0, controller=None, elevation=None, heading=0.0, ind='1', lastActions=None, length=1.0, mode='falsify', position=(0, 0), positionOffset=(0.0, 0.0), resetController=True, rotationOffset=0.0, speed=0.0, type='Subscenario', velocity=(0.0, 0.0), webotsName='SUBSCENARIO', webotsObject=None, webotsType=None, width=1.0), object2=StructPoint(angularSpeed=0.0, controller=None, elevation=None, heading=-0.0422876367606998, lastActions=None, length=1.0, position=(-55.68988869481606, -105.60252487197309), positionOffset=(0.0, 0.0), resetController=True, rotationOffset=0.0, speed=0.0, type='Lead', velocity=(0.0, 0.0), webotsName='LEAD', webotsObject=None, webotsType=None, width=1.0)), params=StructPoint())
174,SpacePoint(objects=StructPoint(object0=StructPoint(angularSpeed=0.0, controller=None, elevation=None, heading=0.025232569618627843, lastActions=None, length=1.0, position=(-62.55172442757255, -105.98514268326178), positionOffset=(0.0, 0.0), resetController=True, rotationOffset=0.0, speed=0.0, type='Follower', velocity=(0.0, 0.0), webotsName='FOLLOWER', webotsObject=None, webotsType=None, width=1.0), object1=StructPoint(angularSpeed=0.0, controller=None, elevation=None, heading=0.0, ind='1', lastActions=None, length=1.0, mode='falsify', position=(0, 0), positionOffset=(0.0, 0.0), resetController=True, rotationOffset=0.0, speed=0.0, type='Subscenario', velocity=(0.0, 0.0), webotsName='SUBSCENARIO', webotsObject=None, webotsType=None, width=1.0), object2=StructPoint(angularSpeed=0.0, controller=None, elevation=None, heading=-0.07263103319559484, lastActions=None, length=1.0, position=(-53.54235330897272, -105.5924311231853), positionOffset=(0.0, 0.0), resetController=True, rotationOffset=0.0, speed=0.0, type='Lead', velocity=(0.0, 0.0), webotsName='LEAD', webotsObject=None, webotsType=None, width=1.0)), params=StructPoint())
175,SpacePoint(objects=StructPoint(object0=StructPoint(angularSpeed=0.0, controller=None, elevation=None, heading=0.034121188824575925, lastActions=None, length=1.0, position=(-63.84551760182142, -105.01622144025703), positionOffset=(0.0, 0.0), resetController=True, rotationOffset=0.0, speed=0.0, type='Follower', velocity=(0.0, 0.0), webotsName='FOLLOWER', webotsObject=None, webotsType=None, width=1.0), object1=StructPoint(angularSpeed=0.0, controller=None, elevation=None, heading=0.0, ind='1', lastActions=None, length=1.0, mode='falsify', position=(0, 0), positionOffset=(0.0, 0.0), resetController=True, rotationOffset=0.0, speed=0.0, type='Subscenario', velocity=(0.0, 0.0), webotsName='SUBSCENARIO', webotsObject=None, webotsType=None, width=1.0), object2=StructPoint(angularSpeed=0.0, controller=None, elevation=None, heading=0.06716079399797353, lastActions=None, length=1.0, position=(-54.59736313346275, -105.9132823452952), positionOffset=(0.0, 0.0), resetController=True, rotationOffset=0.0, speed=0.0, type='Lead', velocity=(0.0, 0.0), webotsName='LEAD', webotsObject=None, webotsType=None, width=1.0)), params=StructPoint())
176,SpacePoint(objects=StructPoint(object0=StructPoint(angularSpeed=0.0, controller=None, elevation=None, heading=-0.057531839290571325, lastActions=None, length=1.0, position=(-64.88891264140979, -104.40645197665758), positionOffset=(0.0, 0.0), resetController=True, rotationOffset=0.0, speed=0.0, type='Follower', velocity=(0.0, 0.0), webotsName='FOLLOWER', webotsObject=None, webotsType=None, width=1.0), object1=StructPoint(angularSpeed=0.0, controller=None, elevation=None, heading=0.0, ind='1', lastActions=None, length=1.0, mode='falsify', position=(0, 0), positionOffset=(0.0, 0.0), resetController=True, rotationOffset=0.0, speed=0.0, type='Subscenario', velocity=(0.0, 0.0), webotsName='SUBSCENARIO', webotsObject=None, webotsType=None, width=1.0), object2=StructPoint(angularSpeed=0.0, controller=None, elevation=None, heading=-0.03754137865706713, lastActions=None, length=1.0, position=(-56.15395906959457, -104.0475485023606), positionOffset=(0.0, 0.0), resetController=True, rotationOffset=0.0, speed=0.0, type='Lead', velocity=(0.0, 0.0), webotsName='LEAD', webotsObject=None, webotsType=None, width=1.0)), params=StructPoint())
177,SpacePoint(objects=StructPoint(object0=StructPoint(angularSpeed=0.0, controller=None, elevation=None, heading=0.03397136002594527, lastActions=None, length=1.0, position=(-65.18595656220033, -105.07347193795358), positionOffset=(0.0, 0.0), resetController=True, rotationOffset=0.0, speed=0.0, type='Follower', velocity=(0.0, 0.0), webotsName='FOLLOWER', webotsObject=None, webotsType=None, width=1.0), object1=StructPoint(angularSpeed=0.0, controller=None, elevation=None, heading=0.0, ind='1', lastActions=None, length=1.0, mode='falsify', position=(0, 0), positionOffset=(0.0, 0.0), resetController=True, rotationOffset=0.0, speed=0.0, type='Subscenario', velocity=(0.0, 0.0), webotsName='SUBSCENARIO', webotsObject=None, webotsType=None, width=1.0), object2=StructPoint(angularSpeed=0.0, controller=None, elevation=None, heading=0.06193009185872917, lastActions=None, length=1.0, position=(-53.05301267851141, -105.84341829765235), positionOffset=(0.0, 0.0), resetController=True, rotationOffset=0.0, speed=0.0, type='Lead', velocity=(0.0, 0.0), webotsName='LEAD', webotsObject=None, webotsType=None, width=1.0)), params=StructPoint())
