sample_ind,sample
46,SpacePoint(objects=StructPoint(object0=StructPoint(angularSpeed=0.0, controller=None, elevation=None, heading=0.009392576810026056, lastActions=None, length=1.0, position=(-63.04081730972172, -104.98307903545162), positionOffset=(0.0, 0.0), resetController=True, rotationOffset=0.0, speed=0.0, type='Follower', velocity=(0.0, 0.0), webotsName='FOLLOWER', webotsObject=None, webotsType=None, width=1.0), object1=StructPoint(angularSpeed=0.0, controller=None, elevation=None, heading=0.0, ind='1', lastActions=None, length=1.0, mode='falsify', position=(0, 0), positionOffset=(0.0, 0.0), resetController=True, rotationOffset=0.0, speed=0.0, type='Subscenario', velocity=(0.0, 0.0), webotsName='SUBSCENARIO', webotsObject=None, webotsType=None, width=1.0), object2=StructPoint(angularSpeed=0.0, controller=None, elevation=None, heading=0.0815601895962809, lastActions=None, length=1.0, position=(-53.304128577221704, -104.38281795580448), positionOffset=(0.0, 0.0), resetController=True, rotationOffset=0.0, speed=0.0, type='Lead', velocity=(0.0, 0.0), webotsName='LEAD', webotsObject=None, webotsType=None, width=1.0)), params=StructPoint())
47,SpacePoint(objects=StructPoint(object0=StructPoint(angularSpeed=0.0, controller=None, elevation=None, heading=-0.0695089736614677, lastActions=None, length=1.0, position=(-63.87057557184529, -104.22161917681967), positionOffset=(0.0, 0.0), resetController=True, rotationOffset=0.0, speed=0.0, type='Follower', velocity=(0.0, 0.0), webotsName='FOLLOWER', webotsObject=None, webotsType=None, width=1.0), object1=StructPoint(angularSpeed=0.0, controller=None, elevation=None, heading=0.0, ind='1', lastActions=None, length=1.0, mode='falsify', position=(0, 0), positionOffset=(0.0, 0.0), resetController=True, rotationOffset=0.0, speed=0.0, type='Subscenario', velocity=(0.0, 0.0), webotsName='SUBSCENARIO', webotsObject=None, webotsType=None, width=1.0), object2=StructPoint(angularSpeed=0.0, controller=None, elevation=None, heading=0.052871057420254754, lastActions=None, length=1.0, position=(-55.907431955182155, -104.4276171725043), positionOffset=(0.0, 0.0), resetController=True, rotationOffset=0.0, speed=0.0, type='Lead', velocity=(0.0, 0.0), webotsName='LEAD', webotsObject=None, webotsType=None, width=1.0)), params=StructPoint())
48,SpacePoint(objects=StructPoint(object0=StructPoint(angularSpeed=0.0, controller=None, elevation=None, heading=0.08137325096860848, lastActions=None, length=1.0, position=(-64.10882705664574, -104.27844740717397), positionOffset=(0.0, 0.0), resetController=True, rotationOffset=0.0, speed=0.0, type='Follower', velocity=(0.0, 0.0), webotsName='FOLLOWER', webotsObject=None, webotsType=None, width=1.0), object1=StructPoint(angularSpeed=0.0, controller=None, elevation=None, heading=0.0, ind='1', lastActions=None, length=1.0, mode='falsify', position=(0, 0), positionOffset=(0.0, 0.0), resetController=True, rotationOffset=0.0, speed=0.0, type='Subscenario', velocity=(0.0, 0.0), webotsName='SUBSCENARIO', webotsObject=None, webotsType=None, width=1.0), object2=StructPoint(angularSpeed=0.0, controller=None, elevation=None, heading=-0.0038947619043041377, lastActions=None, length=1.0, position=(-54.38430046023858, -104.96087976433769), positionOffset=(0.0, 0.0), resetController=True, rotationOffset=0.0, speed=0.0, type='Lead', velocity=(0.0, 0.0), webotsName='LEAD', webotsObject=None, webotsType=None, width=1.0)), params=StructPoint())
49,SpacePoint(objects=StructPoint(object0=StructPoint(angularSpeed=0.0, controller=None, elevation=None, heading=-0.03703141152307716, lastActions=None, length=1.0, position=(-63.61120451839019, -105.69502798790418), positionOffset=(0.0, 0.0), resetController=True, rotationOffset=0.0, speed=0.0, type='Follower', velocity=(0.0, 0.0), webotsName='FOLLOWER', webotsObject=None, webotsType=None, width=1.0), object1=StructPoint(angularSpeed=0.0, controller=None, elevation=None, heading=0.0, ind='1', lastActions=None, length=1.0, mode='falsify', position=(0, 0), positionOffset=(0.0, 0.0), resetController=True, rotationOffset=0.0, speed=0.0, type='Subscenario', velocity=(0.0, 0.0), webotsName='SUBSCENARIO', webotsObject=None, webotsType=None, width=1.0), object2=StructPoint(angularSpeed=0.0, controller=None, elevation=None, heading=-0.08565640287123091, lastActions=None, length=1.0, position=(-54.2407647736014, -104.65020173503589), positionOffset=(0.0, 0.0), resetController=True, rotationOffset=0.0, speed=0.0, type='Lead', velocity=(0.0, 0.0), webotsName='LEAD', webotsObject=None, webotsType=None, width=1.0)), params=StructPoint())
50,SpacePoint(objects=StructPoint(object0=StructPoint(angularSpeed=0.0, controller=None, elevation=None, heading=0.02892438730677726, lastActions=None, length=1.0, position=(-65.79750279325405, -104.86744745456315), positionOffset=(0.0, 0.0), resetController=True, rotationOffset=0.0, speed=0.0, type='Follower', velocity=(0.0, 0.0), webotsName='FOLLOWER', webotsObject=None, webotsType=None, width=1.0), object1=StructPoint(angularSpeed=0.0, controller=None, elevation=None, heading=0.0, ind='1', lastActions=None, length=1.0, mode='falsify', position=(0, 0), positionOffset=(0.0, 0.0), resetController=True, rotationOffset=0.0, speed=0.0, type='Subscenario', velocity=(0.0, 0.0), webotsName='SUBSCENARIO', webotsObject=None, webotsType=None, width=1.0), object2=StructPoint(angularSpeed=0.0, controller=None, elevation=None, heading=0.05288643870573562, lastActions=None, length=1.0, position=(-52.834964891086486, -104.99638649119487), positionOffset=(0.0, 0.0), resetController=True, rotationOffset=0.0, speed=0.0, type='Lead', velocity=(0.0, 0.0), webotsName='LEAD', webotsObject=None, webotsType=None, width=1.0)), params=StructPoint())
